date;prix_eur;saison;minimum_nuits
2026-09-01;315;Saison standard;2
2026-09-02;315;Saison standard;2
2026-09-03;315;Saison standard;2
2026-09-04;350;Saison standard;2
2026-09-05;350;Saison standard;2
2026-09-06;315;Saison standard;2
2026-09-07;315;Saison standard;2
2026-09-08;315;Saison standard;2
2026-09-09;315;Saison standard;2
2026-09-10;315;Saison standard;2
2026-09-11;350;Saison standard;2
2026-09-12;350;Saison standard;2
2026-09-13;315;Saison standard;2
2026-09-14;315;Saison standard;2
2026-09-15;315;Saison standard;2
2026-09-16;315;Saison standard;2
2026-09-17;315;Saison standard;2
2026-09-18;350;Saison standard;2
2026-09-19;350;Saison standard;2
2026-09-20;315;Saison standard;2
2026-09-21;315;Saison standard;2
2026-09-22;315;Saison standard;2
2026-09-23;315;Saison standard;2
2026-09-24;315;Saison standard;2
2026-09-25;350;Saison standard;2
2026-09-26;350;Saison standard;2
2026-09-27;315;Saison standard;2
2026-09-28;315;Saison standard;2
2026-09-29;315;Saison standard;2
2026-09-30;315;Saison standard;2
2026-10-01;220;Saison standard;2
2026-10-02;255;Saison standard;2
2026-10-03;255;Saison standard;2
2026-10-04;220;Saison standard;2
2026-10-05;310;Vacances scolaires;4
2026-10-06;310;Vacances scolaires;4
2026-10-07;310;Vacances scolaires;4
2026-10-08;310;Vacances scolaires;4
2026-10-09;310;Vacances scolaires;4
2026-10-10;310;Vacances scolaires;4
2026-10-11;310;Vacances scolaires;4
2026-10-12;310;Vacances scolaires;4
2026-10-13;310;Vacances scolaires;4
2026-10-14;310;Vacances scolaires;4
2026-10-15;310;Vacances scolaires;4
2026-10-16;310;Vacances scolaires;4
2026-10-17;310;Vacances scolaires;4
2026-10-18;310;Vacances scolaires;4
2026-10-19;310;Vacances scolaires;4
2026-10-20;310;Vacances scolaires;4
2026-10-21;310;Vacances scolaires;4
2026-10-22;310;Vacances scolaires;4
2026-10-23;310;Vacances scolaires;4
2026-10-24;310;Vacances scolaires;4
2026-10-25;310;Vacances scolaires;4
2026-10-26;310;Vacances scolaires;4
2026-10-27;310;Vacances scolaires;4
2026-10-28;310;Vacances scolaires;4
2026-10-29;310;Vacances scolaires;4
2026-10-30;310;Vacances scolaires;4
2026-10-31;310;Vacances scolaires;4
2026-11-01;260;Vacances scolaires;4
2026-11-02;260;Vacances scolaires;4
2026-11-03;260;Vacances scolaires;4
2026-11-04;260;Vacances scolaires;4
2026-11-05;260;Vacances scolaires;4
2026-11-06;260;Vacances scolaires;4
2026-11-07;260;Vacances scolaires;4
2026-11-08;260;Vacances scolaires;4
2026-11-09;190;Saison standard;2
2026-11-10;190;Saison standard;2
2026-11-11;190;Saison standard;2
2026-11-12;190;Saison standard;2
2026-11-13;220;Saison standard;2
2026-11-14;220;Saison standard;2
2026-11-15;190;Saison standard;2
2026-11-16;190;Saison standard;2
2026-11-17;190;Saison standard;2
2026-11-18;190;Saison standard;2
2026-11-19;190;Saison standard;2
2026-11-20;220;Saison standard;2
2026-11-21;220;Saison standard;2
2026-11-22;190;Saison standard;2
2026-11-23;190;Saison standard;2
2026-11-24;190;Saison standard;2
2026-11-25;190;Saison standard;2
2026-11-26;190;Saison standard;2
2026-11-27;220;Saison standard;2
2026-11-28;220;Saison standard;2
2026-11-29;190;Saison standard;2
2026-11-30;190;Saison standard;2
2026-12-01;195;Saison standard;2
2026-12-02;195;Saison standard;2
2026-12-03;195;Saison standard;2
2026-12-04;225;Saison standard;2
2026-12-05;225;Saison standard;2
2026-12-06;195;Saison standard;2
2026-12-07;195;Saison standard;2
2026-12-08;195;Saison standard;2
2026-12-09;195;Saison standard;2
2026-12-10;195;Saison standard;2
2026-12-11;225;Saison standard;2
2026-12-12;225;Saison standard;2
2026-12-13;195;Saison standard;2
2026-12-14;195;Saison standard;2
2026-12-15;195;Saison standard;2
2026-12-16;195;Saison standard;2
2026-12-17;195;Saison standard;2
2026-12-18;225;Saison standard;2
2026-12-19;305;Vacances scolaires;4
2026-12-20;305;Vacances scolaires;4
2026-12-21;305;Vacances scolaires;4
2026-12-22;305;Vacances scolaires;4
2026-12-23;305;Vacances scolaires;4
2026-12-24;305;Vacances scolaires;4
2026-12-25;305;Vacances scolaires;4
2026-12-26;305;Vacances scolaires;4
2026-12-27;305;Vacances scolaires;4
2026-12-28;305;Vacances scolaires;4
2026-12-29;390;Vacances scolaires;4
2026-12-30;390;Vacances scolaires;4
2026-12-31;390;Vacances scolaires;4
2027-01-01;390;Vacances scolaires;4
2027-01-02;305;Vacances scolaires;4
2027-01-03;305;Vacances scolaires;4
2027-01-04;305;Vacances scolaires;4
2027-01-05;305;Vacances scolaires;4
2027-01-06;305;Vacances scolaires;4
2027-01-07;305;Vacances scolaires;4
2027-01-08;305;Vacances scolaires;4
2027-01-09;305;Vacances scolaires;4
2027-01-10;305;Vacances scolaires;4
2027-01-11;190;Saison standard;2
2027-01-12;190;Saison standard;2
2027-01-13;190;Saison standard;2
2027-01-14;190;Saison standard;2
2027-01-15;220;Saison standard;2
2027-01-16;220;Saison standard;2
2027-01-17;190;Saison standard;2
2027-01-18;190;Saison standard;2
2027-01-19;190;Saison standard;2
2027-01-20;190;Saison standard;2
2027-01-21;190;Saison standard;2
2027-01-22;220;Saison standard;2
2027-01-23;220;Saison standard;2
2027-01-24;190;Saison standard;2
2027-01-25;190;Saison standard;2
2027-01-26;190;Saison standard;2
2027-01-27;190;Saison standard;2
2027-01-28;190;Saison standard;2
2027-01-29;220;Saison standard;2
2027-01-30;220;Saison standard;2
2027-01-31;190;Saison standard;2
2027-02-01;290;Vacances scolaires;4
2027-02-02;290;Vacances scolaires;4
2027-02-03;290;Vacances scolaires;4
2027-02-04;290;Vacances scolaires;4
2027-02-05;290;Vacances scolaires;4
2027-02-06;290;Vacances scolaires;4
2027-02-07;290;Vacances scolaires;4
2027-02-08;290;Vacances scolaires;4
2027-02-09;290;Vacances scolaires;4
2027-02-10;290;Vacances scolaires;4
2027-02-11;290;Vacances scolaires;4
2027-02-12;290;Vacances scolaires;4
2027-02-13;290;Vacances scolaires;4
2027-02-14;290;Vacances scolaires;4
2027-02-15;290;Vacances scolaires;4
2027-02-16;290;Vacances scolaires;4
2027-02-17;290;Vacances scolaires;4
2027-02-18;290;Vacances scolaires;4
2027-02-19;290;Vacances scolaires;4
2027-02-20;290;Vacances scolaires;4
2027-02-21;290;Vacances scolaires;4
2027-02-22;290;Vacances scolaires;4
2027-02-23;290;Vacances scolaires;4
2027-02-24;290;Vacances scolaires;4
2027-02-25;290;Vacances scolaires;4
2027-02-26;290;Vacances scolaires;4
2027-02-27;290;Vacances scolaires;4
2027-02-28;290;Vacances scolaires;4
2027-03-01;290;Vacances scolaires;4
2027-03-02;290;Vacances scolaires;4
2027-03-03;290;Vacances scolaires;4
2027-03-04;290;Vacances scolaires;4
2027-03-05;290;Vacances scolaires;4
2027-03-06;290;Vacances scolaires;4
2027-03-07;290;Vacances scolaires;4
2027-03-08;220;Vacances scolaires;4
2027-03-09;220;Vacances scolaires;4
2027-03-10;220;Vacances scolaires;4
2027-03-11;220;Vacances scolaires;4
2027-03-12;255;Vacances scolaires;4
2027-03-13;255;Vacances scolaires;4
2027-03-14;220;Vacances scolaires;4
2027-03-15;220;Vacances scolaires;4
2027-03-16;220;Vacances scolaires;4
2027-03-17;220;Vacances scolaires;4
2027-03-18;220;Vacances scolaires;4
2027-03-19;255;Vacances scolaires;4
2027-03-20;255;Vacances scolaires;4
2027-03-21;220;Vacances scolaires;4
2027-03-22;220;Vacances scolaires;4
2027-03-23;220;Vacances scolaires;4
2027-03-24;220;Vacances scolaires;4
2027-03-25;220;Vacances scolaires;4
2027-03-26;350;Vacances scolaires;4
2027-03-27;350;Vacances scolaires;4
2027-03-28;320;Vacances scolaires;4
2027-03-29;320;Vacances scolaires;4
2027-03-30;320;Vacances scolaires;4
2027-03-31;320;Vacances scolaires;4
2027-04-01;320;Vacances scolaires;4
2027-04-02;355;Vacances scolaires;4
2027-04-03;355;Vacances scolaires;4
2027-04-04;320;Vacances scolaires;4
2027-04-05;320;Vacances scolaires;4
2027-04-06;320;Vacances scolaires;4
2027-04-07;320;Vacances scolaires;4
2027-04-08;320;Vacances scolaires;4
2027-04-09;355;Vacances scolaires;4
2027-04-10;355;Vacances scolaires;4
2027-04-11;320;Vacances scolaires;4
2027-04-12;320;Vacances scolaires;4
2027-04-13;320;Vacances scolaires;4
2027-04-14;320;Vacances scolaires;4
2027-04-15;320;Vacances scolaires;4
2027-04-16;355;Vacances scolaires;4
2027-04-17;355;Vacances scolaires;4
2027-04-18;320;Vacances scolaires;4
2027-04-19;320;Vacances scolaires;4
2027-04-20;320;Vacances scolaires;4
2027-04-21;320;Vacances scolaires;4
2027-04-22;320;Vacances scolaires;4
2027-04-23;355;Vacances scolaires;4
2027-04-24;355;Vacances scolaires;4
2027-04-25;320;Vacances scolaires;4
2027-04-26;320;Vacances scolaires;4
2027-04-27;320;Vacances scolaires;4
2027-04-28;320;Vacances scolaires;4
2027-04-29;320;Vacances scolaires;4
2027-04-30;355;Vacances scolaires;4
2027-05-01;360;Vacances scolaires;4
2027-05-02;335;Vacances scolaires;4
2027-05-03;300;Vacances scolaires;4
2027-05-04;300;Vacances scolaires;4
2027-05-05;510;Pont / forte demande;4
2027-05-06;510;Pont / forte demande;4
2027-05-07;510;Pont / forte demande;4
2027-05-08;510;Pont / forte demande;4
2027-05-09;300;Vacances scolaires;4
2027-05-10;300;Vacances scolaires;4
2027-05-11;300;Vacances scolaires;4
2027-05-12;300;Vacances scolaires;4
2027-05-13;300;Vacances scolaires;4
2027-05-14;470;Pont / forte demande;3
2027-05-15;470;Pont / forte demande;3
2027-05-16;470;Pont / forte demande;3
2027-05-17;300;Vacances scolaires;4
2027-05-18;300;Vacances scolaires;4
2027-05-19;300;Vacances scolaires;4
2027-05-20;300;Vacances scolaires;4
2027-05-21;335;Vacances scolaires;4
2027-05-22;335;Vacances scolaires;4
2027-05-23;300;Vacances scolaires;4
2027-05-24;300;Vacances scolaires;4
2027-05-25;300;Vacances scolaires;4
2027-05-26;300;Vacances scolaires;4
2027-05-27;300;Vacances scolaires;4
2027-05-28;335;Vacances scolaires;4
2027-05-29;355;Vacances scolaires;4
2027-05-30;355;Vacances scolaires;4
2027-05-31;355;Vacances scolaires;4
2027-06-01;335;Vacances scolaires;4
2027-06-02;335;Vacances scolaires;4
2027-06-03;335;Vacances scolaires;4
2027-06-04;365;Vacances scolaires;4
2027-06-05;365;Vacances scolaires;4
2027-06-06;335;Vacances scolaires;4
2027-06-07;310;Saison standard;2
2027-06-08;310;Saison standard;2
2027-06-09;310;Saison standard;2
2027-06-10;310;Saison standard;2
2027-06-11;345;Saison standard;2
2027-06-12;345;Saison standard;2
2027-06-13;310;Saison standard;2
2027-06-14;310;Saison standard;2
2027-06-15;310;Saison standard;2
2027-06-16;310;Saison standard;2
2027-06-17;310;Saison standard;2
2027-06-18;345;Saison standard;2
2027-06-19;345;Saison standard;2
2027-06-20;310;Saison standard;2
2027-06-21;310;Saison standard;2
2027-06-22;310;Saison standard;2
2027-06-23;310;Saison standard;2
2027-06-24;310;Saison standard;2
2027-06-25;345;Saison standard;2
2027-06-26;345;Saison standard;2
2027-06-27;310;Saison standard;2
2027-06-28;445;Vacances scolaires;4
2027-06-29;445;Vacances scolaires;4
2027-06-30;445;Vacances scolaires;4
2027-07-01;485;Haute saison;7
2027-07-02;485;Haute saison;7
2027-07-03;485;Haute saison;7
2027-07-04;485;Haute saison;7
2027-07-05;485;Haute saison;7
2027-07-06;485;Haute saison;7
2027-07-07;485;Haute saison;7
2027-07-08;485;Haute saison;7
2027-07-09;485;Haute saison;7
2027-07-10;555;Haute saison;7
2027-07-11;555;Haute saison;7
2027-07-12;555;Haute saison;7
2027-07-13;555;Haute saison;7
2027-07-14;555;Haute saison;7
2027-07-15;555;Haute saison;7
2027-07-16;555;Haute saison;7
2027-07-17;555;Haute saison;7
2027-07-18;555;Haute saison;7
2027-07-19;555;Haute saison;7
2027-07-20;555;Haute saison;7
2027-07-21;555;Haute saison;7
2027-07-22;555;Haute saison;7
2027-07-23;555;Haute saison;7
2027-07-24;600;Haute saison;7
2027-07-25;600;Haute saison;7
2027-07-26;600;Haute saison;7
2027-07-27;600;Haute saison;7
2027-07-28;600;Haute saison;7
2027-07-29;600;Haute saison;7
2027-07-30;600;Haute saison;7
2027-07-31;600;Haute saison;7
2027-08-01;645;Haute saison;7
2027-08-02;645;Haute saison;7
2027-08-03;645;Haute saison;7
2027-08-04;645;Haute saison;7
2027-08-05;645;Haute saison;7
2027-08-06;645;Haute saison;7
2027-08-07;645;Haute saison;7
2027-08-08;645;Haute saison;7
2027-08-09;645;Haute saison;7
2027-08-10;645;Haute saison;7
2027-08-11;645;Haute saison;7
2027-08-12;645;Haute saison;7
2027-08-13;645;Haute saison;7
2027-08-14;645;Haute saison;7
2027-08-15;645;Haute saison;7
2027-08-16;625;Haute saison;7
2027-08-17;625;Haute saison;7
2027-08-18;625;Haute saison;7
2027-08-19;625;Haute saison;7
2027-08-20;625;Haute saison;7
2027-08-21;625;Haute saison;7
2027-08-22;625;Haute saison;7
2027-08-23;530;Haute saison;7
2027-08-24;530;Haute saison;7
2027-08-25;530;Haute saison;7
2027-08-26;530;Haute saison;7
2027-08-27;530;Haute saison;7
2027-08-28;530;Haute saison;7
2027-08-29;530;Haute saison;7
2027-08-30;530;Haute saison;7
2027-08-31;530;Haute saison;7
2027-09-01;405;Vacances scolaires;4
2027-09-02;405;Vacances scolaires;4
2027-09-03;405;Vacances scolaires;4
2027-09-04;405;Vacances scolaires;4
2027-09-05;405;Vacances scolaires;4
2027-09-06;335;Vacances scolaires;4
2027-09-07;335;Vacances scolaires;4
2027-09-08;335;Vacances scolaires;4
2027-09-09;335;Vacances scolaires;4
2027-09-10;375;Vacances scolaires;4
2027-09-11;375;Vacances scolaires;4
2027-09-12;335;Vacances scolaires;4
2027-09-13;335;Vacances scolaires;4
2027-09-14;335;Vacances scolaires;4
2027-09-15;320;Saison standard;2
2027-09-16;320;Saison standard;2
2027-09-17;355;Saison standard;2
2027-09-18;355;Saison standard;2
2027-09-19;320;Saison standard;2
2027-09-20;320;Saison standard;2
2027-09-21;320;Saison standard;2
2027-09-22;320;Saison standard;2
2027-09-23;320;Saison standard;2
2027-09-24;355;Saison standard;2
2027-09-25;355;Saison standard;2
2027-09-26;320;Saison standard;2
2027-09-27;320;Saison standard;2
2027-09-28;320;Saison standard;2
2027-09-29;320;Saison standard;2
2027-09-30;320;Saison standard;2
2027-10-01;255;Saison standard;2
2027-10-02;255;Saison standard;2
2027-10-03;220;Saison standard;2
2027-10-04;220;Saison standard;2
2027-10-05;220;Saison standard;2
2027-10-06;220;Saison standard;2
2027-10-07;220;Saison standard;2
2027-10-08;255;Saison standard;2
2027-10-09;255;Saison standard;2
2027-10-10;220;Saison standard;2
2027-10-11;220;Saison standard;2
2027-10-12;220;Saison standard;2
2027-10-13;220;Saison standard;2
2027-10-14;220;Saison standard;2
2027-10-15;255;Saison standard;2
2027-10-16;255;Saison standard;2
2027-10-17;220;Saison standard;2
2027-10-18;220;Saison standard;2
2027-10-19;220;Saison standard;2
2027-10-20;220;Saison standard;2
2027-10-21;220;Saison standard;2
2027-10-22;255;Saison standard;2
2027-10-23;255;Saison standard;2
2027-10-24;220;Saison standard;2
2027-10-25;220;Saison standard;2
2027-10-26;220;Saison standard;2
2027-10-27;220;Saison standard;2
2027-10-28;220;Saison standard;2
2027-10-29;330;Pont / forte demande;3
2027-10-30;330;Pont / forte demande;3
2027-10-31;330;Pont / forte demande;3
2027-11-01;195;Saison standard;2
2027-11-02;195;Saison standard;2
2027-11-03;195;Saison standard;2
2027-11-04;195;Saison standard;2
2027-11-05;225;Saison standard;2
2027-11-06;225;Saison standard;2
2027-11-07;195;Saison standard;2
2027-11-08;195;Saison standard;2
2027-11-09;195;Saison standard;2
2027-11-10;345;Pont / forte demande;4
2027-11-11;345;Pont / forte demande;4
2027-11-12;345;Pont / forte demande;4
2027-11-13;345;Pont / forte demande;4
2027-11-14;195;Saison standard;2
2027-11-15;195;Saison standard;2
2027-11-16;195;Saison standard;2
2027-11-17;195;Saison standard;2
2027-11-18;195;Saison standard;2
2027-11-19;225;Saison standard;2
2027-11-20;225;Saison standard;2
2027-11-21;195;Saison standard;2
2027-11-22;195;Saison standard;2
2027-11-23;195;Saison standard;2
2027-11-24;195;Saison standard;2
2027-11-25;195;Saison standard;2
2027-11-26;225;Saison standard;2
2027-11-27;225;Saison standard;2
2027-11-28;195;Saison standard;2
2027-11-29;195;Saison standard;2
2027-11-30;195;Saison standard;2
2027-12-01;200;Saison standard;2
2027-12-02;200;Saison standard;2
2027-12-03;230;Saison standard;2
2027-12-04;230;Saison standard;2
2027-12-05;200;Saison standard;2
2027-12-06;200;Saison standard;2
2027-12-07;200;Saison standard;2
2027-12-08;200;Saison standard;2
2027-12-09;200;Saison standard;2
2027-12-10;230;Saison standard;2
2027-12-11;230;Saison standard;2
2027-12-12;200;Saison standard;2
2027-12-13;200;Saison standard;2
2027-12-14;200;Saison standard;2
2027-12-15;200;Saison standard;2
2027-12-16;200;Saison standard;2
2027-12-17;230;Saison standard;2
2027-12-18;290;Saison standard;2
2027-12-19;290;Saison standard;2
2027-12-20;290;Saison standard;2
2027-12-21;290;Saison standard;2
2027-12-22;290;Saison standard;2
2027-12-23;290;Saison standard;2
2027-12-24;295;Saison standard;2
2027-12-25;295;Saison standard;2
2027-12-26;295;Saison standard;2
2027-12-27;295;Saison standard;2
2027-12-28;295;Saison standard;2
2027-12-29;295;Saison standard;2
2027-12-30;295;Saison standard;2
2027-12-31;395;Saison standard;2
